,Kepler ID
0,757076
1,757099
2,757137
3,757218
4,757231
5,757280
6,757450
7,891901
8,891916
9,892010
10,892107
11,892195
12,892203
13,892376
14,892553
15,892667
16,892675
17,892678
18,892713
19,892718
20,892738
21,892760
22,892772
23,892828
24,892832
25,892834
26,892882
27,892911
28,892946
29,892977
30,892986
31,893004
32,893033
33,893165
34,893209
35,893210
36,893214
37,893233
38,893234
39,893286
40,893288
41,893305
42,893383
43,893468
44,893505
45,893507
46,893559
47,893647
48,893676
49,893730
50,893750
51,893940
52,893944
53,893946
54,1025494
55,1025578
56,1025623
57,1025816
58,1025859
59,1025986
60,1026032
61,1026084
62,1026089
63,1026133
64,1026146
65,1026165
66,1026173
67,1026180
68,1026255
69,1026287
70,1026294
71,1026309
72,1026321
73,1026326
74,1026328
75,1026356
76,1026400
77,1026452
78,1026473
79,1026474
80,1026475
81,1026504
82,1026647
83,1026669
84,1026838
85,1026861
86,1026895
87,1026911
88,1026957
89,1026992
90,1027016
91,1027030
92,1027110
93,1027226
94,1027252
95,1027277
96,1027330
97,1027337
98,1027338
99,1027397
100,1027438
101,1027536
102,1027582
103,1027631
104,1027696
105,1027707
106,1027710
107,1027740
108,1027842
109,1027877
110,1027900
111,1027948
112,1028012
113,1028018
114,1028085
115,1028120
116,1028201
117,1028246
118,1028267
119,1028354
120,1028424
121,1028640
122,1028843
123,1160655
124,1160660
125,1160684
126,1160789
127,1160867
128,1160887
129,1160891
130,1160919
131,1160947
132,1160986
133,1161092
134,1161137
135,1161145
136,1161315
137,1161338
138,1161345
139,1161402
140,1161432
141,1161447
142,1161491
143,1161501
144,1161537
145,1161557
146,1161618
147,1161620
148,1161699
149,1161803
150,1161869
151,1161908
152,1161949
153,1161965
154,1162036
155,1162051
156,1162150
157,1162181
158,1162220
159,1162222
160,1162339
161,1162345
162,1162466
163,1162467
164,1162617
165,1162635
166,1162715
167,1162725
168,1162746
169,1162784
170,1162850
171,1162875
172,1163078
173,1163090
174,1163114
175,1163211
176,1163235
177,1163238
178,1163244
179,1163248
180,1163286
181,1163303
182,1163333
183,1163359
184,1163449
185,1163453
186,1163576
187,1163579
188,1163588
189,1163621
190,1163623
191,1163675
192,1163712
193,1163943
194,1163991
195,1163994
196,1164071
197,1164102
198,1164109
199,1164130
200,1164207
201,1164272
202,1164274
203,1164301
204,1164333
205,1164356
206,1164363
207,1164407
208,1164418
209,1164571
210,1164583
211,1164584
212,1164590
213,1292018
214,1292087
215,1292147
216,1292384
217,1292427
218,1292493
219,1292498
220,1292666
221,1292688
222,1292763
223,1292798
224,1292834
225,1292978
226,1293031
227,1293046
228,1293177
229,1293261
230,1293357
231,1293379
232,1293393
233,1293468
234,1293521
235,1293551
236,1293563
237,1293564
238,1293587
239,1293667
240,1293671
241,1293737
242,1293743
243,1293785
244,1293814
245,1293835
246,1293861
247,1293907
248,1293928
249,1293946
250,1293993
251,1294029
252,1294088
253,1294122
254,1294214
255,1294229
256,1294308
257,1294325
258,1294382
259,1294385
260,1294419
261,1294535
262,1294567
263,1294578
264,1294648
265,1294649
266,1294670
267,1294756
268,1294869
269,1294924
270,1294953
271,1294997
272,1295017
273,1295069
274,1295162
275,1295195
276,1295276
277,1295289
278,1295296
279,1295333
280,1295375
281,1295427
282,1295448
283,1295475
284,1295504
285,1295531
286,1295546
287,1295597
288,1295693
289,1295737
290,1295776
291,1295961
292,1295980
293,1296002
294,1296063
295,1296068
296,1296110
297,1296164
298,1296179
299,1296255
300,1296262
301,1296281
302,1296334
303,1296335
304,1296415
305,1296491
306,1296507
307,1296700
308,1296721
309,1296779
310,1296787
311,1296817
312,1296862
313,1296984
314,1297058
315,1297166
316,1297263
317,1297272
318,1297303
319,1297347
320,1297463
321,1297501
322,1297510
323,1429092
324,1429120
325,1429145
326,1429153
327,1429261
328,1429275
329,1429290
330,1429337
331,1429345
332,1429367
333,1429375
334,1429385
335,1429390
336,1429426
337,1429475
338,1429486
339,1429497
340,1429505
341,1429567
342,1429575
343,1429580
344,1429589
345,1429626
346,1429629
347,1429653
348,1429729
349,1429751
350,1429795
351,1429893
352,1429921
353,1429977
354,1430118
355,1430163
356,1430171
357,1430199
358,1430207
359,1430219
360,1430227
361,1430239
362,1430305
363,1430330
364,1430333
365,1430349
366,1430350
367,1430353
368,1430444
369,1430511
370,1430590
371,1430636
372,1430666
373,1430670
374,1430741
375,1430810
376,1430865
377,1430880
378,1430893
379,1430912
380,1430977
381,1430985
382,1431059
383,1431060
384,1431075
385,1431091
386,1431114
387,1431116
388,1431122
389,1431134
390,1431181
391,1431262
392,1431287
393,1431316
394,1431344
395,1431354
396,1431379
397,1431381
398,1431474
399,1431501
400,1431502
401,1431567
402,1431599
403,1431693
404,1431705
405,1431727
406,1431791
407,1431794
408,1431845
409,1431965
410,1432022
411,1432047
412,1432060
413,1432086
414,1432091
415,1432149
416,1432184
417,1432214
418,1432231
419,1432248
420,1432278
421,1432469
422,1432520
423,1432551
424,1432587
425,1432685
426,1432700
427,1432735
428,1432745
429,1432789
430,1432825
431,1432847
432,1432865
433,1432907
434,1432934
435,1432978
436,1432979
437,1433040
438,1433067
439,1433104
440,1433132
441,1433399
442,1433410
443,1433445
444,1433477
445,1433498
446,1433510
447,1433531
448,1433534
449,1433586
450,1433593
451,1433622
452,1433628
453,1433642
454,1433714
455,1433725
456,1433730
457,1433735
458,1433755
459,1433760
460,1433803
461,1433894
462,1433899
463,1433962
464,1433972
465,1433980
466,1433989
467,1434013
468,1434116
469,1434231
470,1434259
471,1434277
472,1434286
473,1434288
474,1434326
475,1434353
476,1434372
477,1434395
478,1434397
479,1434455
480,1434522
481,1434531
482,1434583
483,1434589
484,1434591
485,1434610
486,1434660
487,1434696
488,1434708
489,1434792
490,1434800
491,1434976
492,1434988
493,1435008
494,1435038
495,1435108
496,1435143
497,1435158
498,1435229
499,1435260
500,1435272
501,1435403
502,1435448
503,1435467
504,1435573
505,1435632
506,1435717
507,1435736
508,1435818
509,1435836
510,1435930
511,1435987
512,1436132
513,1436140
514,1436265
515,1569599
516,1569682
517,1569743
518,1569746
519,1569792
520,1569822
521,1569823
522,1569842
523,1569843
524,1569849
525,1569863
526,1569897
527,1569909
528,1569924
529,1569969
530,1569974
531,1569983
532,1569985
533,1569986
534,1569999
535,1570023
536,1570026
537,1570099
538,1570150
539,1570172
540,1570191
541,1570221
542,1570253
543,1570270
544,1570275
545,1570311
546,1570349
547,1570366
548,1570400
549,1570466
550,1570529
551,1570552
552,1570554
553,1570608
554,1570617
555,1570649
556,1570703
557,1570711
558,1570713
559,1570915
560,1570918
561,1570924
562,1570929
563,1570994
564,1571003
565,1571088
566,1571152
567,1571237
568,1571298
569,1571340
570,1571364
571,1571511
572,1571717
573,1571727
574,1571732
575,1571780
576,1572038
577,1572049
578,1572094
579,1572114
580,1572156
581,1572175
582,1572201
583,1572220
584,1572222
585,1572317
586,1572352
587,1572353
588,1572418
589,1572433
590,1572463
591,1572558
592,1572685
593,1572725
594,1572762
595,1572768
596,1572780
597,1572802
598,1572851
599,1572895
600,1572910
601,1572948
602,1572999
603,1573013
604,1573064
605,1573094
606,1573138
607,1573149
608,1573174
609,1573398
610,1573478
611,1573666
612,1573742
613,1573836
614,1573867
615,1573872
616,1573876
617,1573925
618,1573954
619,1573967
620,1574033
621,1574272
622,1574306
623,1574361
624,1574376
625,1574521
626,1574524
627,1574550
628,1574646
629,1574753
630,1574792
631,1574944
632,1575133
633,1575183
634,1575203
635,1575206
636,1575422
637,1575424
638,1575570
639,1575580
640,1575672
641,1575690
642,1575831
643,1575851
644,1575855
645,1575873
646,1575886
647,1575888
648,1575893
649,1575919
650,1575977
651,1576043
652,1576071
653,1576108
654,1576115
655,1576117
656,1576141
657,1576144
658,1576249
659,1576312
660,1576351
661,1576420
662,1576469
663,1576497
664,1576508
665,1576558
666,1576607
667,1576623
668,1576646
669,1576648
670,1576662
671,1576704
672,1576739
673,1576744
674,1576756
675,1576782
676,1576789
677,1576796
678,1576877
679,1576970
680,1577003
681,1577013
682,1577039
683,1577073
684,1577077
685,1577143
686,1577144
687,1577167
688,1577202
689,1577215
690,1577221
691,1577265
692,1577315
693,1577365
694,1577769
695,1577819
696,1577912
697,1578131
698,1701525
699,1701551
700,1701553
701,1701554
702,1701656
703,1701672
704,1701678
705,1701679
706,1701692
707,1701763
708,1701801
709,1717095
710,1717106
711,1717128
712,1717242
713,1717271
714,1717285
715,1717316
716,1717382
717,1717384
718,1717435
719,1717465
720,1717515
721,1717528
722,1717574
723,1717618
724,1717672
725,1717717
726,1717722
727,1717783
728,1717789
729,1717797
730,1717867
731,1717921
732,1717959
733,1717988
734,1717990
735,1717994
736,1717999
737,1718046
738,1718059
739,1718071
740,1718189
741,1718206
742,1718222
743,1718290
744,1718354
745,1718360
746,1718367
747,1718373
748,1718397
749,1718401
750,1718423
751,1718456
752,1718520
753,1718537
754,1718550
755,1718585
756,1718594
757,1718665
758,1718670
759,1718740
760,1718743
761,1718753
762,1718761
763,1718828
764,1718831
765,1718923
766,1718943
767,1718958
768,1718985
769,1719026
770,1719065
771,1719093
772,1719124
773,1719166
774,1719227
775,1719262
776,1719297
777,1719308
778,1719358
779,1719371
780,1719422
781,1719472
782,1719550
783,1719557
784,1719667
785,1719697
786,1719927
787,1719974
788,1720048
789,1720182
790,1720196
791,1720224
792,1720241
793,1720425
794,1720554
795,1720670
796,1720673
797,1720728
798,1720785
799,1720794
800,1720810
801,1720964
802,1721071
803,1721110
804,1721133
805,1721150
806,1721157
807,1721218
808,1721231
809,1721247
810,1721361
811,1721409
812,1721439
813,1721512
814,1721523
815,1721558
816,1721595
817,1721614
818,1721724
819,1721725
820,1721787
821,1721795
822,1721825
823,1721879
824,1721911
825,1721921
826,1722134
827,1722241
828,1722276
829,1722289
830,1722303
831,1722506
832,1722549
833,1722591
834,1722623
835,1722627
836,1722735
837,1722776
838,1722816
839,1722916
840,1722956
841,1723047
842,1723078
843,1723135
844,1723146
845,1723157
846,1723191
847,1723338
848,1723350
849,1723411
850,1723449
851,1723455
852,1723516
853,1723529
854,1723617
855,1723618
856,1723624
857,1723638
858,1723656
859,1723671
860,1723700
861,1723752
862,1723843
863,1723845
864,1723908
865,1723918
866,1723919
867,1723978
868,1723993
869,1724041
870,1724079
871,1724096
872,1724171
873,1724222
874,1724227
875,1724234
876,1724287
877,1724304
878,1724316
879,1724342
880,1724355
881,1724385
882,1724411
883,1724498
884,1724513
885,1724529
886,1724615
887,1724629
888,1724679
889,1724719
890,1724720
891,1724801
892,1724806
893,1724842
894,1724872
895,1724879
896,1724961
897,1724968
898,1724975
899,1725016
900,1725017
901,1725018
902,1725053
903,1725096
904,1725133
905,1725153
906,1725183
907,1725190
908,1725193
909,1725207
910,1725310
911,1725330
912,1725372
913,1725376
914,1725415
915,1725457
916,1725470
917,1725486
918,1725508
919,1725533
920,1725552
921,1725555
922,1725558
923,1725626
924,1725633
925,1725688
926,1725732
927,1725796
928,1725815
929,1725848
930,1725893
931,1725907
932,1725920
933,1725952
934,1725953
935,1725997
936,1726035
937,1726045
938,1726097
939,1726154
940,1726211
941,1726231
942,1726245
943,1726291
944,1726318
945,1726425
946,1726636
947,1726688
948,1726747
949,1849064
950,1849130
951,1849159
952,1849195
953,1849235
954,1849238
955,1849249
956,1849321
957,1849326
958,1849334
959,1849341
960,1849386
961,1849398
962,1849403
963,1849415
964,1849430
965,1849462
966,1849471
967,1849474
968,1849500
969,1849513
970,1849547
971,1849555
972,1849572
973,1849581
974,1849587
975,1849590
976,1849610
977,1849624
978,1849656
979,1849664
980,1849679
981,1849689
982,1849698
983,1849702
984,1849714
985,1849734
986,1849785
987,1849829
988,1849846
989,1849885
990,1849959
991,1850007
992,1850100
993,1850194
994,1850285
995,1863893
996,1863905
997,1863909
998,1863995
999,1864041
1000,1864065
1001,1864087
1002,1864124
1003,1864178
1004,1864183
1005,1864220
1006,1864258
1007,1864284
1008,1864305
1009,1864365
1010,1864521
1011,1864523
1012,1864603
1013,1864748
1014,1864823
1015,1864855
1016,1864858
1017,1864891
1018,1864894
1019,1864909
1020,1864951
1021,1864959
1022,1864963
1023,1864987
1024,1864998
1025,1865042
1026,1865087
1027,1865102
1028,1865110
1029,1865136
1030,1865152
1031,1865159
1032,1865174
1033,1865188
1034,1865206
1035,1865214
1036,1865231
1037,1865262
1038,1865273
1039,1865305
1040,1865323
1041,1865325
1042,1865448
1043,1865477
1044,1865519
1045,1865527
1046,1865567
1047,1865590
1048,1865595
1049,1865643
1050,1865663
1051,1865674
1052,1865698
1053,1865744
1054,1865747
1055,1865864
1056,1865910
1057,1865925
1058,1866058
1059,1866137
1060,1866174
1061,1866182
1062,1866234
1063,1866235
1064,1866252
1065,1866361
1066,1866366
1067,1866535
1068,1866732
1069,1866734
1070,1866749
1071,1866778
1072,1866842
1073,1866924
1074,1866985
1075,1866986
1076,1867078
1077,1867112
1078,1867120
1079,1867210
1080,1867333
1081,1867358
1082,1867462
1083,1867489
1084,1867521
1085,1867532
1086,1867553
1087,1867559
1088,1867630
1089,1867645
1090,1867684
1091,1867702
1092,1867706
1093,1867740
1094,1867844
1095,1867921
1096,1867991
1097,1868008
1098,1868018
1099,1868075
1100,1868101
1101,1868233
1102,1868259
1103,1868303
1104,1868404
1105,1868457
1106,1868524
1107,1868579
1108,1868650
1109,1868676
1110,1868785
1111,1868792
1112,1868918
1113,1869025
1114,1869151
1115,1869183
1116,1869231
1117,1869327
1118,1869352
1119,1869371
1120,1869400
1121,1869469
1122,1869499
1123,1869510
1124,1869607
1125,1869673
1126,1869783
1127,1869817
1128,1869922
1129,1869933
1130,1870028
1131,1870057
1132,1870062
1133,1870144
1134,1870162
1135,1870196
1136,1870225
1137,1870234
1138,1870375
1139,1870385
1140,1870398
1141,1870424
1142,1870433
1143,1870445
1144,1870480
1145,1870495
1146,1870683
1147,1870710
1148,1870714
1149,1870743
1150,1870769
1151,1870795
1152,1870799
1153,1870849
1154,1870914
1155,1870952
1156,1870957
1157,1871056
1158,1871091
1159,1871103
1160,1871120
1161,1871148
1162,1871176
1163,1871290
1164,1871314
1165,1871358
1166,1871438
1167,1871465
1168,1871483
1169,1871487
1170,1871517
1171,1871555
1172,1871571
1173,1871579
1174,1871588
1175,1871631
1176,1871665
1177,1871678
1178,1871759
1179,1871763
1180,1871815
1181,1871880
1182,1871888
1183,1871927
1184,1871967
1185,1871981
1186,1871995
1187,1872012
1188,1872078
1189,1872084
1190,1872154
1191,1872157
1192,1872161
1193,1872166
1194,1872189
1195,1872192
1196,1872199
1197,1872210
1198,1872244
1199,1872262
1200,1872289
1201,1872324
1202,1872340
1203,1872347
1204,1872349
1205,1872368
1206,1872375
1207,1872421
1208,1872433
1209,1872469
1210,1872499
1211,1872517
1212,1872530
1213,1872543
1214,1872547
1215,1872561
1216,1872612
1217,1872613
1218,1872666
1219,1872688
1220,1872723
1221,1872749
1222,1872752
1223,1872770
1224,1872781
1225,1872802
1226,1872821
1227,1872842
1228,1872869
1229,1872885
1230,1872909
1231,1872948
1232,1872956
1233,1872974
1234,1873030
1235,1873157
1236,1873187
1237,1873198
1238,1873204
1239,1873268
1240,1873351
1241,1873367
1242,1873370
1243,1873493
1244,1873510
1245,1873513
1246,1873523
1247,1873543
1248,1873552
1249,1873583
1250,1873589
1251,1873656
1252,1873689
1253,1873703
1254,1873753
1255,1873754
1256,1873755
1257,1873779
1258,1873823
1259,1873895
1260,1873898
1261,1873918
1262,1873925
1263,1873986
1264,1873987
1265,1874014
1266,1874094
1267,1874101
1268,1874268
1269,1874294
1270,1874333
1271,1874365
1272,1874384
1273,1874623
1274,1995038
1275,1995080
1276,1995089
1277,1995126
1278,1995130
1279,1995140
1280,1995155
1281,1995168
1282,1995192
1283,1995195
1284,1995248
1285,1995305
1286,1995315
1287,1995316
1288,1995323
1289,1995340
1290,1995351
1291,1995358
1292,1995360
1293,1995430
1294,1995431
1295,1995443
1296,1995461
1297,1995489
1298,1995493
1299,1995519
1300,1995522
1301,1995526
1302,1995535
1303,1995622
1304,1995656
1305,1995666
1306,1995668
1307,1995710
1308,1995712
1309,1995732
1310,1995787
1311,1995789
1312,1995796
1313,1995807
1314,1995840
1315,1995845
1316,1995859
1317,1995862
1318,1995908
1319,1995910
1320,1996021
1321,1996047
1322,1996078
1323,1996088
1324,1996121
1325,1996162
1326,1996169
1327,1996180
1328,1996181
1329,1996214
1330,1996240
1331,1996260
1332,1996272
1333,1996273
1334,1996399
1335,1996405
1336,1996408
1337,1996415
1338,1996456
1339,1996473
1340,1996492
1341,1996497
1342,1996574
1343,1996628
1344,1996637
1345,1996668
1346,1996679
1347,1996716
1348,1996719
1349,1996721
1350,1996728
1351,1996760
1352,1996773
1353,1996818
1354,1996859
1355,1996936
1356,1997009
1357,1997127
1358,2010051
1359,2010071
1360,2010137
1361,2010138
1362,2010152
1363,2010161
1364,2010191
1365,2010256
1366,2010345
1367,2010366
1368,2010374
1369,2010379
1370,2010414
1371,2010471
1372,2010509
1373,2010577
1374,2010579
1375,2010593
1376,2010594
1377,2010607
1378,2010658
1379,2010702
1380,2010736
1381,2010738
1382,2010835
1383,2010855
1384,2010931
1385,2010992
1386,2011042
1387,2011048
1388,2011059
1389,2011145
1390,2011160
1391,2011178
1392,2011185
1393,2011214
1394,2011314
1395,2011347
1396,2011352
1397,2011354
1398,2011406
1399,2011411
1400,2011417
1401,2011424
1402,2011428
1403,2011440
1404,2011444
1405,2011504
1406,2011533
1407,2011545
1408,2011556
1409,2011574
1410,2011582
1411,2011618
1412,2011641
1413,2011649
1414,2011675
1415,2011824
1416,2011827
1417,2011870
1418,2011878
1419,2011883
1420,2011887
1421,2011891
1422,2011901
1423,2011905
1424,2011908
1425,2011945
1426,2011991
1427,2012005
1428,2012065
1429,2012083
1430,2012090
1431,2012093
1432,2012186
1433,2012214
1434,2012216
1435,2012265
1436,2012273
1437,2012362
1438,2012377
1439,2012416
1440,2012426
1441,2012486
1442,2012563
1443,2012565
1444,2012622
1445,2012631
1446,2012640
1447,2012664
1448,2012690
1449,2012696
1450,2012722
1451,2012724
1452,2012731
1453,2012816
1454,2012821
1455,2012826
1456,2012841
1457,2012932
1458,2012983
1459,2013000
1460,2013145
1461,2013263
1462,2013284
1463,2013305
1464,2013368
1465,2013385
1466,2013402
1467,2013502
1468,2013503
1469,2013530
1470,2013564
1471,2013577
1472,2013590
1473,2013620
1474,2013627
1475,2013651
1476,2013754
1477,2013783
1478,2013790
1479,2013833
1480,2013843
1481,2013874
1482,2013883
1483,2014003
1484,2014065
1485,2014087
1486,2014203
1487,2014229
1488,2014282
1489,2014347
1490,2014377
1491,2014533
1492,2014544
1493,2014616
1494,2014684
1495,2014700
1496,2014737
1497,2014991
1498,2015013
1499,2015025
1500,2015035
1501,2015098
1502,2015124
1503,2015135
1504,2015138
1505,2015262
1506,2015302
1507,2015347
1508,2015385
1509,2015388
1510,2015424
1511,2015432
1512,2015501
1513,2015595
1514,2015616
1515,2015639
1516,2015659
1517,2015669
1518,2015703
1519,2015767
1520,2015820
1521,2015864
1522,2015883
1523,2015983
1524,2016026
1525,2016056
1526,2016104
1527,2016171
1528,2016219
1529,2016241
1530,2016248
1531,2016295
1532,2016319
1533,2016447
1534,2016452
1535,2016492
1536,2016522
1537,2016599
1538,2016657
1539,2016676
1540,2016678
1541,2016691
1542,2016706
1543,2016814
1544,2016946
1545,2016978
1546,2016979
1547,2017015
1548,2017075
1549,2017135
1550,2017157
1551,2017161
1552,2017221
1553,2017224
1554,2017246
1555,2017470
1556,2017507
1557,2017529
1558,2017534
1559,2017541
1560,2017570
1561,2017646
1562,2017659
1563,2017692
1564,2017739
1565,2017803
1566,2017860
1567,2017864
1568,2017962
1569,2017981
1570,2017988
1571,2018007
1572,2018044
1573,2018047
1574,2018063
1575,2018112
1576,2018169
1577,2018261
1578,2018280
1579,2018281
1580,2018283
1581,2018304
1582,2018310
1583,2018350
1584,2018383
1585,2018392
1586,2018420
1587,2018432
1588,2018437
1589,2018446
1590,2018481
1591,2018492
1592,2018537
1593,2018541
1594,2018585
1595,2018594
1596,2018619
1597,2018631
1598,2018642
1599,2018667
1600,2018677
1601,2018685
1602,2018701
1603,2018709
1604,2018739
1605,2018760
1606,2018799
1607,2018827
1608,2018855
1609,2018868
1610,2018906
1611,2018927
1612,2018930
1613,2018931
1614,2018949
1615,2019050
1616,2019076
1617,2019109
1618,2019140
1619,2019174
1620,2019199
1621,2019227
1622,2019230
1623,2019239
1624,2019258
1625,2019297
1626,2019316
1627,2019349
1628,2019352
1629,2019396
1630,2019444
1631,2019477
1632,2019481
1633,2019504
1634,2019518
1635,2019542
1636,2019553
1637,2019556
1638,2019575
1639,2019608
1640,2019658
1641,2019662
1642,2019709
1643,2019713
1644,2019720
1645,2019761
1646,2019828
1647,2019865
1648,2019877
1649,2019881
1650,2019893
1651,2019900
1652,2019912
1653,2019928
1654,2019959
1655,2019979
1656,2020029
1657,2020086
1658,2020175
1659,2020185
1660,2020280
1661,2020307
1662,2020364
1663,2020383
1664,2020387
1665,2020393
1666,2020437
1667,2020439
1668,2020444
1669,2020452
1670,2020463
1671,2020498
1672,2020581
1673,2020638
1674,2020703
1675,2020725
1676,2020763
1677,2020811
1678,2020818
1679,2020820
1680,2020830
1681,2020876
1682,2020966
1683,2020997
1684,2021060
1685,2021099
1686,2021100
1687,2021157
1688,2021161
1689,2021165
1690,2021174
1691,2021216
1692,2021440
1693,2021457
1694,2021470
1695,2021488
1696,2021501
1697,2021571
1698,2021633
1699,2021643
1700,2021736
1701,2140360
1702,2140389
1703,2140424
1704,2140446
1705,2140491
1706,2140493
1707,2140538
1708,2140552
1709,2140561
1710,2140601
1711,2140621
1712,2140642
1713,2140644
1714,2140651
1715,2140686
1716,2140780
1717,2140782
1718,2140807
1719,2140841
1720,2140862
1721,2140897
1722,2140909
1723,2140937
1724,2140955
1725,2140982
1726,2141003
1727,2141150
1728,2141152
1729,2141175
1730,2141179
1731,2141193
1732,2141255
1733,2141318
1734,2141339
1735,2141385
1736,2141387
1737,2141401
1738,2141413
1739,2141436
1740,2141466
1741,2141544
1742,2141652
1743,2141655
1744,2141658
1745,2141692
1746,2141697
1747,2141736
1748,2141746
1749,2141753
1750,2141781
1751,2141783
1752,2141787
1753,2141812
1754,2141852
1755,2141865
1756,2141927
1757,2141928
1758,2141932
1759,2141938
1760,2141950
1761,2141959
1762,2142026
1763,2142052
1764,2142070
1765,2142074
1766,2142080
1767,2142091
1768,2142095
1769,2142111
1770,2142183
1771,2142186
1772,2142191
1773,2142244
1774,2142272
1775,2142279
1776,2142280
1777,2142372
1778,2142405
1779,2142433
1780,2142451
1781,2142490
1782,2142501
1783,2142508
1784,2142522
1785,2142575
1786,2142628
1787,2142633
1788,2142657
1789,2142663
1790,2142669
1791,2142675
1792,2142730
1793,2142733
1794,2142778
1795,2142913
1796,2154965
1797,2154980
1798,2155012
1799,2155064
1800,2155080
1801,2155148
1802,2155156
1803,2155220
1804,2155278
1805,2155343
1806,2155467
1807,2155506
1808,2155869
1809,2156061
1810,2156069
1811,2156072
1812,2156074
1813,2156089
1814,2156121
1815,2156123
1816,2156155
1817,2156178
1818,2156245
1819,2156343
1820,2156404
1821,2156425
1822,2156435
1823,2156488
1824,2156490
1825,2156514
1826,2156529
1827,2156537
1828,2156545
1829,2156550
1830,2156581
1831,2156669
1832,2156685
1833,2156693
1834,2156718
1835,2156720
1836,2156733
1837,2156757
1838,2156782
1839,2156807
1840,2156809
1841,2156839
1842,2156848
1843,2156879
1844,2156906
1845,2156933
1846,2156939
1847,2156965
1848,2156988
1849,2156992
1850,2156998
1851,2157008
1852,2157024
1853,2157059
1854,2157135
1855,2157184
1856,2157192
1857,2157208
1858,2157213
1859,2157247
1860,2157290
1861,2157305
1862,2157356
1863,2157418
1864,2157428
1865,2157489
1866,2157495
1867,2157508
1868,2157519
1869,2157524
1870,2157526
1871,2157600
1872,2157602
1873,2157630
1874,2157650
1875,2157676
1876,2157725
1877,2157759
1878,2157776
1879,2157788
1880,2157841
1881,2157901
1882,2157905
1883,2157928
1884,2157948
1885,2157949
1886,2157953
1887,2157964
1888,2157979
1889,2157986
1890,2158027
1891,2158047
1892,2158059
1893,2158067
1894,2158076
1895,2158190
1896,2158208
1897,2158221
1898,2158237
1899,2158238
1900,2158278
1901,2158336
1902,2158352
1903,2158410
1904,2158433
1905,2158460
1906,2158534
1907,2158543
1908,2158548
1909,2158566
1910,2158641
1911,2158750
1912,2158770
1913,2158781
1914,2158815
1915,2158850
1916,2158868
1917,2158882
1918,2158923
1919,2159018
1920,2159033
1921,2159073
1922,2159129
1923,2159132
1924,2159257
1925,2159290
1926,2159320
1927,2159370
1928,2159377
1929,2159447
1930,2159449
1931,2159486
1932,2159499
1933,2159674
1934,2159700
1935,2159713
1936,2159728
1937,2159751
1938,2159783
1939,2159823
1940,2159834
1941,2159842
1942,2159852
1943,2159864
1944,2160105
1945,2160161
1946,2160275
1947,2160289
1948,2160553
1949,2160572
1950,2160685
1951,2160771
1952,2160779
1953,2160809
1954,2160839
1955,2160857
1956,2160901
1957,2160910
1958,2160919
1959,2161017
1960,2161064
1961,2161177
1962,2161250
1963,2161283
1964,2161393
1965,2161400
1966,2161407
1967,2161409
1968,2161463
1969,2161515
1970,2161532
1971,2161536
1972,2161569
1973,2161623
1974,2161648
1975,2161731
1976,2161831
1977,2161864
1978,2161949
1979,2161974
1980,2161984
1981,2162064
1982,2162070
1983,2162073
1984,2162103
1985,2162142
1986,2162160
1987,2162241
1988,2162268
1989,2162283
1990,2162333
1991,2162355
1992,2162377
1993,2162435
1994,2162486
1995,2162543
1996,2162635
1997,2162673
1998,2162721
1999,2162904
2000,2162907
2001,2162994
2002,2163052
2003,2163101
2004,2163121
2005,2163201
2006,2163223
2007,2163226
2008,2163301
2009,2163326
2010,2163351
2011,2163434
2012,2163444
2013,2163457
2014,2163489
2015,2163554
2016,2163597
2017,2163605
2018,2163610
2019,2163612
2020,2163634
2021,2163636
2022,2163644
2023,2163666
2024,2163706
2025,2163708
2026,2163798
2027,2163808
2028,2163829
2029,2163856
2030,2163875
2031,2163894
2032,2163896
2033,2163926
2034,2163940
2035,2163957
2036,2163982
2037,2164021
2038,2164031
2039,2164035
2040,2164066
2041,2164105
2042,2164117
2043,2164123
2044,2164157
2045,2164165
2046,2164169
2047,2164190
2048,2164213
2049,2164227
2050,2164232
2051,2164262
2052,2164327
2053,2164332
2054,2164379
2055,2164488
2056,2164522
2057,2164598
2058,2164604
2059,2164654
2060,2164688
2061,2164726
2062,2164739
2063,2164772
2064,2164790
2065,2164791
2066,2164834
2067,2164874
2068,2164884
2069,2164930
2070,2164951
2071,2164995
2072,2165002
2073,2165066
2074,2165095
2075,2165181
2076,2165188
2077,2165198
2078,2165271
2079,2165352
2080,2165356
2081,2165357
2082,2165371
2083,2165440
2084,2165450
2085,2165469
2086,2165478
2087,2165516
2088,2165531
2089,2165554
2090,2165574
2091,2165589
2092,2165615
2093,2165710
2094,2165718
2095,2165722
2096,2165742
2097,2165744
2098,2165797
2099,2165801
2100,2165811
2101,2165867
2102,2165871
2103,2165874
2104,2165892
2105,2165894
2106,2165942
2107,2165983
2108,2166071
2109,2166119
2110,2166152
2111,2166200
2112,2166206
2113,2166209
2114,2166218
2115,2166223
2116,2166231
2117,2166291
2118,2166322
2119,2166332
2120,2166336
2121,2166339
2122,2166352
2123,2166371
2124,2166393
2125,2166515
2126,2166534
2127,2166547
2128,2166579
2129,2166590
2130,2166594
2131,2166605
2132,2166620
2133,2166632
2134,2166709
2135,2166766
2136,2166769
2137,2166773
2138,2166774
2139,2166860
2140,2166874
2141,2166915
2142,2166920
2143,2166932
2144,2166940
2145,2166962
2146,2166970
2147,2166973
2148,2167000
2149,2167039
2150,2167056
2151,2167058
2152,2167062
2153,2167098
2154,2167128
2155,2167151
2156,2167183
2157,2167198
2158,2167260
2159,2167272
2160,2167334
2161,2167351
2162,2167385
2163,2167392
2164,2167437
2165,2167439
2166,2167444
2167,2167447
2168,2167468
2169,2167501
2170,2167548
2171,2167555
2172,2167587
2173,2167600
2174,2167648
2175,2167663
2176,2167693
2177,2167696
2178,2167728
2179,2167743
2180,2167774
2181,2167783
2182,2167841
2183,2167890
2184,2167920
2185,2167997
2186,2168184
2187,2168263
2188,2168321
2189,2168333
2190,2168387
2191,2168417
2192,2168420
2193,2168461
2194,2168508
2195,2168638
2196,2168649
2197,2282506
2198,2282525
2199,2282584
2200,2282587
2201,2282618
2202,2282652
2203,2282663
2204,2282708
2205,2282712
2206,2282717
2207,2282763
2208,2282783
2209,2282796
2210,2282854
2211,2282855
2212,2282915
2213,2282919
2214,2282926
2215,2282944
2216,2282970
2217,2282986
2218,2283064
2219,2283075
2220,2283092
2221,2283093
2222,2283124
2223,2283166
2224,2283186
2225,2283227
2226,2283229
2227,2283243
2228,2283255
2229,2283280
2230,2283308
2231,2283334
2232,2283353
2233,2283362
2234,2283435
2235,2283495
2236,2283496
2237,2283519
2238,2283532
2239,2283540
2240,2283541
2241,2283543
2242,2283544
2243,2283560
2244,2283589
2245,2283650
2246,2283682
2247,2283703
2248,2283721
2249,2283749
2250,2283853
2251,2283892
2252,2283919
2253,2283930
2254,2283955
2255,2283989
2256,2284009
2257,2284012
2258,2284079
2259,2284116
2260,2284184
2261,2284211
2262,2284278
2263,2284309
2264,2284312
2265,2284330
2266,2284341
2267,2284344
2268,2284402
2269,2284479
2270,2284504
2271,2284620
2272,2284644
2273,2284663
2274,2284676
2275,2284679
2276,2284683
2277,2284774
2278,2284810
2279,2284829
2280,2284852
2281,2284882
2282,2284887
2283,2284919
2284,2284936
2285,2284957
2286,2284964
2287,2285004
2288,2285032
2289,2285040
2290,2285109
2291,2285129
2292,2285130
2293,2285151
2294,2285185
2295,2285208
2296,2285212
2297,2285217
2298,2285325
2299,2285420
2300,2285481
2301,2285538
2302,2285548
2303,2285551
2304,2285584
2305,2285586
2306,2285589
2307,2285598
2308,2285615
2309,2285621
2310,2285639
2311,2285653
2312,2285671
2313,2285672
2314,2285695
2315,2285698
2316,2285776
2317,2285791
2318,2285805
2319,2285827
2320,2285835
2321,2285847
2322,2285898
2323,2285902
2324,2285922
2325,2285931
2326,2285941
2327,2285993
2328,2296995
2329,2297232
2330,2297236
2331,2297325
2332,2297349
2333,2297357
2334,2297384
2335,2297390
2336,2297398
2337,2297426
2338,2297454
2339,2297468
2340,2297488
2341,2297529
2342,2297573
2343,2297574
2344,2297586
2345,2297672
2346,2297706
2347,2297721
2348,2297728
2349,2297729
2350,2297739
2351,2297779
2352,2297785
2353,2297793
2354,2297815
2355,2297819
2356,2297825
2357,2297868
2358,2297896
2359,2297939
2360,2297952
2361,2298006
2362,2298013
2363,2298034
2364,2298039
2365,2298049
2366,2298058
2367,2298081
2368,2298097
2369,2298129
2370,2298182
2371,2298185
2372,2298305
2373,2298317
2374,2298343
2375,2298394
2376,2298436
2377,2298439
2378,2298465
2379,2298475
2380,2298529
2381,2298581
2382,2298596
2383,2298664
2384,2298692
2385,2298839
2386,2299081
2387,2299404
2388,2299465
2389,2299540
2390,2299543
2391,2299707
2392,2299733
2393,2299738
2394,2299788
2395,2299805
2396,2299823
2397,2299868
2398,2299888
2399,2299892
2400,2299915
2401,2299920
2402,2299926
2403,2299943
2404,2299979
2405,2300039
2406,2300040
2407,2300072
2408,2300077
2409,2300088
2410,2300093
2411,2300096
2412,2300104
2413,2300105
2414,2300128
2415,2300165
2416,2300167
2417,2300178
2418,2300203
2419,2300227
2420,2300253
2421,2300284
2422,2300298
2423,2300315
2424,2300319
2425,2300328
2426,2300329
2427,2300373
2428,2300393
2429,2300399
2430,2300402
2431,2300433
2432,2300440
2433,2300471
2434,2300494
2435,2300503
2436,2300529
2437,2300603
2438,2300604
2439,2300631
2440,2300683
2441,2300698
2442,2300770
2443,2300795
2444,2300835
2445,2300853
2446,2300877
2447,2300912
2448,2300932
2449,2300953
2450,2300960
2451,2300961
2452,2300962
2453,2300976
2454,2301053
2455,2301068
2456,2301074
2457,2301110
2458,2301119
2459,2301143
2460,2301163
2461,2301169
2462,2301204
2463,2301244
2464,2301274
2465,2301298
2466,2301306
2467,2301349
2468,2301367
2469,2301378
2470,2301389
2471,2301409
2472,2301483
2473,2301487
2474,2301490
2475,2301492
2476,2301512
2477,2301527
2478,2301565
2479,2301577
2480,2301589
2481,2301590
2482,2301669
2483,2301691
2484,2301702
2485,2301785
2486,2301872
2487,2301910
2488,2301985
2489,2302010
2490,2302022
2491,2302069
2492,2302092
2493,2302108
2494,2302135
2495,2302176
2496,2302188
2497,2302189
2498,2302246
2499,2302281
2500,2302288
2501,2302297
2502,2302319
2503,2302437
2504,2302505
2505,2302548
2506,2302615
2507,2302624
2508,2302665
2509,2302741
2510,2302758
2511,2302787
2512,2302794
2513,2302851
2514,2302874
2515,2302889
2516,2302892
2517,2302893
2518,2302901
2519,2302922
2520,2302942
2521,2302978
2522,2302997
2523,2303011
2524,2303051
2525,2303101
2526,2303102
2527,2303139
2528,2303169
2529,2303200
2530,2303245
2531,2303266
2532,2303267
2533,2303279
2534,2303289
2535,2303304
2536,2303311
2537,2303352
2538,2303354
2539,2303356
2540,2303365
2541,2303367
2542,2303394
2543,2303414
2544,2303459
2545,2303576
2546,2303596
2547,2303599
2548,2303605
2549,2303610
2550,2303694
2551,2303748
2552,2303756
2553,2303870
2554,2303896
2555,2303900
2556,2303903
2557,2303936
2558,2303954
2559,2303988
2560,2304010
2561,2304104
2562,2304140
2563,2304148
2564,2304168
2565,2304199
2566,2304235
2567,2304251
2568,2304255
2569,2304269
2570,2304303
2571,2304306
2572,2304320
2573,2304334
2574,2304357
2575,2304375
2576,2304377
2577,2304391
2578,2304422
2579,2304465
2580,2304566
2581,2304570
2582,2304576
2583,2304604
2584,2304655
2585,2304684
2586,2304692
2587,2304695
2588,2304757
2589,2304765
2590,2304796
2591,2304798
2592,2304824
2593,2304850
2594,2304873
2595,2304883
2596,2304915
2597,2304939
2598,2304943
2599,2304956
2600,2304989
2601,2305013
2602,2305061
2603,2305082
2604,2305128
2605,2305129
2606,2305145
2607,2305162
2608,2305167
2609,2305182
2610,2305192
2611,2305195
2612,2305210
2613,2305255
2614,2305277
2615,2305281
2616,2305283
2617,2305292
2618,2305305
2619,2305311
2620,2305338
2621,2305372
2622,2305385
2623,2305407
2624,2305416
2625,2305428
2626,2305479
2627,2305497
2628,2305498
2629,2305506
2630,2305543
2631,2305550
2632,2305562
2633,2305590
2634,2305596
2635,2305669
2636,2305698
2637,2305760
2638,2305811
2639,2305819
2640,2305862
2641,2305866
2642,2305871
2643,2305879
2644,2305930
2645,2305940
2646,2305949
2647,2305969
2648,2305985
2649,2305987
2650,2305992
2651,2306094
2652,2306150
2653,2306205
2654,2306208
2655,2306215
2656,2306249
2657,2306260
2658,2306308
2659,2306319
2660,2306360
2661,2306405
2662,2306410
2663,2306463
2664,2306468
2665,2306469
2666,2306474
2667,2306481
2668,2306482
2669,2306531
2670,2306548
2671,2306569
2672,2306616
2673,2306620
2674,2306621
2675,2306630
2676,2306669
2677,2306716
2678,2306740
2679,2306756
2680,2306785
2681,2306825
2682,2306888
2683,2306909
2684,2306916
2685,2306929
2686,2306953
2687,2306972
2688,2306975
2689,2306998
2690,2307131
2691,2307182
2692,2307197
2693,2307199
2694,2307206
2695,2307245
2696,2307249
2697,2307295
2698,2307327
2699,2307364
2700,2307415
2701,2307458
2702,2307464
2703,2307470
2704,2307473
2705,2307498
2706,2307512
2707,2307528
2708,2307533
2709,2307537
2710,2307604
2711,2307624
2712,2307643
2713,2307670
2714,2307675
2715,2307683
2716,2307689
2717,2307701
2718,2307755
2719,2307770
2720,2307789
2721,2307796
2722,2307798
2723,2307829
2724,2307837
2725,2307838
2726,2307855
2727,2307878
2728,2307900
2729,2307946
2730,2307948
2731,2307951
2732,2307974
2733,2307990
2734,2308002
2735,2308039
2736,2308049
2737,2308071
2738,2308103
2739,2308130
2740,2308152
2741,2308168
2742,2308182
2743,2308196
2744,2308231
2745,2308237
2746,2308241
2747,2308331
2748,2308375
2749,2308381
2750,2308411
2751,2308415
2752,2308429
2753,2308438
2754,2308448
2755,2308475
2756,2308494
2757,2308518
2758,2308566
2759,2308573
2760,2308603
2761,2308613
2762,2308642
2763,2308681
2764,2308725
2765,2308753
2766,2308761
2767,2308762
2768,2308806
2769,2308822
2770,2308858
2771,2308874
2772,2308887
2773,2308924
2774,2308930
2775,2308957
2776,2308968
2777,2308973
2778,2308980
2779,2309030
2780,2309036
2781,2309049
2782,2309070
2783,2309124
2784,2309148
2785,2309152
2786,2309161
2787,2309173
2788,2309177
2789,2309197
2790,2309235
2791,2309252
2792,2309263
2793,2309286
2794,2309307
2795,2309318
2796,2309404
2797,2309410
2798,2309420
2799,2309448
2800,2309469
2801,2309478
2802,2309479
2803,2309524
2804,2309531
2805,2309548
2806,2309550
2807,2309558
2808,2309568
2809,2309579
2810,2309585
2811,2309587
2812,2309595
2813,2309598
2814,2309602
2815,2309604
2816,2309617
2817,2309625
2818,2309690
2819,2309695
2820,2309719
2821,2309720
2822,2309760
2823,2309772
2824,2309773
2825,2309841
2826,2309884
2827,2309900
2828,2309910
2829,2309943
2830,2309958
2831,2310013
2832,2310019
2833,2310098
2834,2310105
2835,2310119
2836,2310129
2837,2310160
2838,2310176
2839,2310187
2840,2310188
2841,2310199
2842,2310213
2843,2310221
2844,2310226
2845,2310227
2846,2310233
2847,2310259
2848,2310284
2849,2310370
2850,2310376
2851,2310399
2852,2310423
2853,2310456
2854,2310467
2855,2310479
2856,2310497
2857,2310520
2858,2310531
2859,2310556
2860,2310571
2861,2310579
2862,2310586
2863,2310605
2864,2310610
2865,2310613
2866,2310630
2867,2310632
2868,2310639
2869,2310640
2870,2310652
2871,2310686
2872,2310710
2873,2310716
2874,2310762
2875,2310770
2876,2310795
2877,2310798
2878,2310822
2879,2310874
2880,2310881
2881,2310968
2882,2310984
2883,2310993
2884,2311004
2885,2311034
2886,2311069
2887,2311089
2888,2311117
2889,2311123
2890,2311130
2891,2311135
2892,2311136
2893,2311138
2894,2311150
2895,2311170
2896,2311174
2897,2311187
2898,2311202
2899,2311218
2900,2311220
2901,2311226
2902,2311249
2903,2311258
2904,2311295
2905,2311306
2906,2311326
2907,2311350
2908,2311372
2909,2311399
2910,2311407
2911,2311423
2912,2311497
2913,2311499
2914,2311508
2915,2311530
2916,2311548
2917,2311578
2918,2311616
2919,2311628
2920,2311704
2921,2311729
2922,2311735
2923,2311842
2924,2421529
2925,2421693
2926,2421702
2927,2421763
2928,2421862
2929,2421875
2930,2421890
2931,2421893
2932,2421898
2933,2421920
2934,2421934
2935,2421946
2936,2421981
2937,2422011
2938,2422056
2939,2422064
2940,2422065
2941,2422073
2942,2422090
2943,2422145
2944,2422201
2945,2422251
2946,2422257
2947,2422296
2948,2422330
2949,2422362
2950,2422382
2951,2422402
2952,2422405
2953,2422406
2954,2422417
2955,2422539
2956,2422558
2957,2422568
2958,2422631
2959,2422635
2960,2422646
2961,2422684
2962,2422709
2963,2422710
2964,2422714
2965,2422798
2966,2422820
2967,2422825
2968,2422844
2969,2422861
2970,2422886
2971,2422890
2972,2422906
2973,2422920
2974,2422998
2975,2423008
2976,2423010
2977,2423052
2978,2423066
2979,2423151
2980,2423153
2981,2423167
2982,2423223
2983,2423293
2984,2423316
2985,2423328
2986,2423357
2987,2423387
2988,2423400
2989,2423454
2990,2423466
2991,2423549
2992,2423662
2993,2423691
2994,2423694
2995,2423717
2996,2423737
2997,2423746
2998,2423787
2999,2423793
3000,2423794
3001,2423804
3002,2423809
3003,2423813
3004,2423824
3005,2423836
3006,2423839
3007,2423885
3008,2423921
3009,2423923
3010,2423932
3011,2423938
3012,2423939
3013,2423941
3014,2423951
3015,2423958
3016,2423982
3017,2423993
3018,2424002
3019,2424039
3020,2424191
3021,2424217
3022,2424276
3023,2424289
3024,2424302
3025,2424309
3026,2424503
3027,2424551
3028,2424663
3029,2424675
3030,2424681
3031,2424682
3032,2424688
3033,2424693
3034,2424775
3035,2424791
3036,2424793
3037,2424822
3038,2424828
3039,2424847
3040,2424905
3041,2424932
3042,2424934
3043,2424949
3044,2424955
3045,2425006
3046,2425031
3047,2425042
3048,2425044
3049,2425057
3050,2425104
3051,2425106
3052,2425133
3053,2425159
3054,2425173
3055,2425184
3056,2425185
3057,2425196
3058,2425259
3059,2425314
3060,2425316
3061,2425331
3062,2425346
3063,2425348
3064,2425375
3065,2425386
3066,2425407
3067,2425504
3068,2425511
3069,2425537
3070,2425544
3071,2425631
3072,2425727
3073,2425734
3074,2425771
3075,2425774
3076,2435893
3077,2435912
3078,2435971
3079,2435987
3080,2436031
3081,2436062
3082,2436097
3083,2436117
3084,2436136
3085,2436148
3086,2436160
3087,2436209
3088,2436211
3089,2436245
3090,2436291
3091,2436324
3092,2436331
3093,2436332
3094,2436334
3095,2436365
3096,2436376
3097,2436378
3098,2436417
3099,2436421
3100,2436448
3101,2436450
3102,2436457
3103,2436458
3104,2436525
3105,2436533
3106,2436540
3107,2436543
3108,2436583
3109,2436593
3110,2436608
3111,2436635
3112,2436676
3113,2436680
3114,2436682
3115,2436688
3116,2436715
3117,2436732
3118,2436750
3119,2436759
3120,2436772
3121,2436781
3122,2436791
3123,2436804
3124,2436814
3125,2436818
3126,2436824
3127,2436842
3128,2436849
3129,2436866
3130,2436884
3131,2436900
3132,2436901
3133,2436912
3134,2436935
3135,2436944
3136,2436954
3137,2436981
3138,2437033
3139,2437038
3140,2437040
3141,2437044
3142,2437051
3143,2437053
3144,2437060
3145,2437092
3146,2437103
3147,2437112
3148,2437145
3149,2437149
3150,2437164
3151,2437171
3152,2437178
3153,2437191
3154,2437209
3155,2437222
3156,2437223
3157,2437234
3158,2437240
3159,2437252
3160,2437261
3161,2437267
3162,2437270
3163,2437280
3164,2437281
3165,2437296
3166,2437317
3167,2437325
3168,2437327
3169,2437329
3170,2437331
3171,2437340
3172,2437353
3173,2437354
3174,2437359
3175,2437394
3176,2437402
3177,2437413
3178,2437443
3179,2437444
3180,2437446
3181,2437452
3182,2437488
3183,2437496
3184,2437505
3185,2437507
3186,2437539
3187,2437564
3188,2437576
3189,2437589
3190,2437610
3191,2437612
3192,2437622
3193,2437624
3194,2437630
3195,2437645
3196,2437653
3197,2437676
3198,2437682
3199,2437684
3200,2437688
3201,2437692
3202,2437694
3203,2437698
3204,2437749
3205,2437762
3206,2437781
3207,2437783
3208,2437792
3209,2437804
3210,2437805
3211,2437810
3212,2437816
3213,2437849
3214,2437851
3215,2437852
3216,2437888
3217,2437897
3218,2437901
3219,2437930
3220,2437933
3221,2437937
3222,2437940
3223,2437948
3224,2437957
3225,2437965
3226,2437972
3227,2437976
3228,2437987
3229,2437996
3230,2438003
3231,2438010
3232,2438028
3233,2438038
3234,2438049
3235,2438051
3236,2438052
3237,2438053
3238,2438061
3239,2438062
3240,2438069
3241,2438070
3242,2438094
3243,2438100
3244,2438109
3245,2438114
3246,2438139
3247,2438140
3248,2438151
3249,2438191
3250,2438192
3251,2438249
3252,2438264
3253,2438272
3254,2438289
3255,2438324
3256,2438333
3257,2438340
3258,2438362
3259,2438368
3260,2438372
3261,2438406
3262,2438421
3263,2438462
3264,2438469
3265,2438470
3266,2438490
3267,2438502
3268,2438513
3269,2438517
3270,2438522
3271,2438566
3272,2438575
3273,2438588
3274,2438757
3275,2438851
3276,2438863
3277,2438873
3278,2438887
3279,2438911
3280,2438927
3281,2439048
3282,2439080
3283,2439083
3284,2439094
3285,2439103
3286,2439118
3287,2439140
3288,2439144
3289,2439186
3290,2439211
3291,2439233
3292,2439240
3293,2439243
3294,2439245
3295,2439250
3296,2439354
3297,2439376
3298,2439378
3299,2439420
3300,2439459
3301,2439469
3302,2439496
3303,2439506
3304,2439538
3305,2439570
3306,2439581
3307,2439630
3308,2439633
3309,2439660
3310,2439686
3311,2439707
3312,2439736
3313,2439782
3314,2439798
3315,2439819
3316,2439835
3317,2439876
3318,2439947
3319,2439966
3320,2439967
3321,2439996
3322,2440044
3323,2440060
3324,2440128
3325,2440188
3326,2440757
3327,2440792
3328,2440830
3329,2441023
3330,2441123
3331,2441151
3332,2441154
3333,2441161
3334,2441175
3335,2441255
3336,2441262
3337,2441274
3338,2441300
3339,2441337
3340,2441384
3341,2441387
3342,2441409
3343,2441436
3344,2441437
3345,2441470
3346,2441495
3347,2441510
3348,2441531
3349,2441551
3350,2441562
3351,2441566
3352,2441581
3353,2441648
3354,2441671
3355,2441702
3356,2441711
3357,2441728
3358,2441736
3359,2441830
3360,2441862
3361,2441864
3362,2441876
3363,2441891
3364,2441896
3365,2441918
3366,2441948
3367,2441950
3368,2441989
3369,2441995
3370,2441996
3371,2442004
3372,2442008
3373,2442084
3374,2442109
3375,2442118
3376,2442154
3377,2442165
3378,2442192
3379,2442205
3380,2442210
3381,2442297
3382,2442331
3383,2442359
3384,2442363
3385,2442382
3386,2442404
3387,2442448
3388,2442483
3389,2442523
3390,2442551
3391,2442559
3392,2442569
3393,2442599
3394,2442606
3395,2442654
3396,2442674
3397,2442687
3398,2442692
3399,2442704
3400,2442714
3401,2442726
3402,2442751
3403,2442759
3404,2442840
3405,2442862
3406,2442866
3407,2442893
3408,2442970
